2026-09-26 00:01:49,masaomi346,domain,bhrconline-jprakutanziu.com,#malware #phishing,https://x.com/masaomi346/status/2103636119594434608
2026-09-26 00:01:49,masaomi346,url,https://bhrconline-jprakutanziu.com,#malware #phishing,https://x.com/masaomi346/status/2103636119594434608
2026-09-26 00:01:49,masaomi346,domain,crispyinfo-jprakutanziu.com,#malware #phishing,https://x.com/masaomi346/status/2103636119594434608
2026-09-26 00:01:49,masaomi346,url,https://crispyinfo-jprakutanziu.com,#malware #phishing,https://x.com/masaomi346/status/2103636119594434608
2026-09-26 00:01:49,masaomi346,domain,lozatechai-jprakutanziu.com,#malware #phishing,https://x.com/masaomi346/status/2103636119594434608
2026-09-26 00:01:49,masaomi346,url,https://lozatechai-jprakutanziu.com,#malware #phishing,https://x.com/masaomi346/status/2103636119594434608
2026-09-26 00:01:49,masaomi346,domain,visionvert-jprakutanziu.com,#malware #phishing,https://x.com/masaomi346/status/2103636119594434608
2026-09-26 00:01:49,masaomi346,url,https://visionvert-jprakutanziu.com,#malware #phishing,https://x.com/masaomi346/status/2103636119594434608
2026-09-26 00:01:49,masaomi346,sha256,d642948da8c6b7d29f34f582d03aa171a437061b96e8050a33438caae1fc1464,#malware #phishing,https://x.com/masaomi346/status/2103636119594434608
2026-09-26 00:02:35,PhishStats,domain,alaspapel-jprakutanziu.com,#phishing,https://x.com/PhishStats/status/2103636315237433600
2026-09-26 00:02:35,PhishStats,url,https://alaspapel-jprakutanziu.com,#phishing,https://x.com/PhishStats/status/2103636315237433600
2026-09-26 00:08:32,masaomi346,domain,alhotel-pau-etzax.com,#malware #phishing,https://x.com/masaomi346/status/2103637809479536718
2026-09-26 00:08:32,masaomi346,url,https://alhotel-pau-etzax.com,#malware #phishing,https://x.com/masaomi346/status/2103637809479536718
2026-09-26 00:08:32,masaomi346,domain,fastestwebbrows-etzax.com,#malware #phishing,https://x.com/masaomi346/status/2103637809479536718
2026-09-26 00:08:32,masaomi346,url,https://fastestwebbrows-etzax.com,#malware #phishing,https://x.com/masaomi346/status/2103637809479536718
2026-09-26 00:08:32,masaomi346,domain,kingashotel-etzax.com,#malware #phishing,https://x.com/masaomi346/status/2103637809479536718
2026-09-26 00:08:32,masaomi346,url,https://kingashotel-etzax.com,#malware #phishing,https://x.com/masaomi346/status/2103637809479536718
2026-09-26 00:08:32,masaomi346,domain,marblefallslake-etzax.com,#malware #phishing,https://x.com/masaomi346/status/2103637809479536718
2026-09-26 00:08:32,masaomi346,url,https://marblefallslake-etzax.com,#malware #phishing,https://x.com/masaomi346/status/2103637809479536718
2026-09-26 00:08:32,masaomi346,domain,sanpedrodejuj-etzax.com,#malware #phishing,https://x.com/masaomi346/status/2103637809479536718
2026-09-26 00:08:32,masaomi346,url,https://sanpedrodejuj-etzax.com,#malware #phishing,https://x.com/masaomi346/status/2103637809479536718
2026-09-26 00:08:32,masaomi346,sha256,0cf1ef85fde5e62584145e2006983db5ef5136d1a1814fb02396309d7844eb37,#malware #phishing,https://x.com/masaomi346/status/2103637809479536718
2026-09-26 07:01:04,phishunt_io,domain,vodafone-staging-alt.voltsystems.de,#phishing,https://x.com/phishunt_io/status/2103741627583828294
2026-09-26 07:01:04,phishunt_io,url,http://vodafone-staging-alt.voltsystems.de,#phishing,https://x.com/phishunt_io/status/2103741627583828294
2026-09-26 07:01:04,phishunt_io,ip,85.13.166.85,#phishing,https://x.com/phishunt_io/status/2103741627583828294
