2026-08-17 21:14:37,skocherhan,domain,zir.hlf.mybluehost.me,#phishing,https://x.com/skocherhan/status/2089460918170366153
2026-08-17 21:14:37,skocherhan,domain,yxm.smo.mybluehost.me,#phishing,https://x.com/skocherhan/status/2089460918170366153
2026-08-17 21:14:37,skocherhan,domain,ypj.wie.mybluehost.me,#phishing,https://x.com/skocherhan/status/2089460918170366153
2026-08-17 21:14:37,skocherhan,domain,xwf.ynd.mybluehost.me,#phishing,https://x.com/skocherhan/status/2089460918170366153
2026-08-17 21:14:37,skocherhan,domain,xcv.chi.mybluehost.me,#phishing,https://x.com/skocherhan/status/2089460918170366153
2026-08-17 21:14:37,skocherhan,domain,xbc.tvn.mybluehost.me,#phishing,https://x.com/skocherhan/status/2089460918170366153
2026-08-17 21:14:37,skocherhan,domain,wkd.rgg.mybluehost.me,#phishing,https://x.com/skocherhan/status/2089460918170366153
2026-08-17 21:14:37,skocherhan,domain,uyu.ker.mybluehost.me,#phishing,https://x.com/skocherhan/status/2089460918170366153
2026-08-17 21:14:37,skocherhan,domain,uui.lgj.mybluehost.me,#phishing,https://x.com/skocherhan/status/2089460918170366153
2026-08-17 21:14:37,skocherhan,domain,qzc.jiv.mybluehost.me,#phishing,https://x.com/skocherhan/status/2089460918170366153
2026-08-17 21:14:37,skocherhan,domain,ppy.dls.mybluehost.me,#phishing,https://x.com/skocherhan/status/2089460918170366153
2026-08-17 21:14:37,skocherhan,domain,pjn.kjz.mybluehost.me,#phishing,https://x.com/skocherhan/status/2089460918170366153
2026-08-17 21:14:37,skocherhan,domain,pet.opx.mybluehost.me,#phishing,https://x.com/skocherhan/status/2089460918170366153
2026-08-17 21:14:37,skocherhan,domain,ozi.xtn.mybluehost.me,#phishing,https://x.com/skocherhan/status/2089460918170366153
2026-08-17 21:14:37,skocherhan,domain,ofu.ker.mybluehost.me,#phishing,https://x.com/skocherhan/status/2089460918170366153
2026-08-17 21:14:37,skocherhan,domain,jbi.aey.mybluehost.me,#phishing,https://x.com/skocherhan/status/2089460918170366153
2026-08-17 21:14:37,skocherhan,url,http://zir.hlf.mybluehost.me,#phishing,https://x.com/skocherhan/status/2089460918170366153
2026-08-17 21:14:37,skocherhan,url,http://yxm.smo.mybluehost.me,#phishing,https://x.com/skocherhan/status/2089460918170366153
2026-08-17 21:14:37,skocherhan,url,http://ypj.wie.mybluehost.me,#phishing,https://x.com/skocherhan/status/2089460918170366153
2026-08-17 21:14:37,skocherhan,url,http://xwf.ynd.mybluehost.me,#phishing,https://x.com/skocherhan/status/2089460918170366153
2026-08-17 21:14:37,skocherhan,url,http://xcv.chi.mybluehost.me,#phishing,https://x.com/skocherhan/status/2089460918170366153
2026-08-17 21:14:37,skocherhan,url,http://xbc.tvn.mybluehost.me,#phishing,https://x.com/skocherhan/status/2089460918170366153
2026-08-17 21:14:37,skocherhan,url,http://wkd.rgg.mybluehost.me,#phishing,https://x.com/skocherhan/status/2089460918170366153
2026-08-17 21:14:37,skocherhan,url,http://uyu.ker.mybluehost.me,#phishing,https://x.com/skocherhan/status/2089460918170366153
2026-08-17 21:14:37,skocherhan,url,http://uui.lgj.mybluehost.me,#phishing,https://x.com/skocherhan/status/2089460918170366153
2026-08-17 21:14:37,skocherhan,url,http://qzc.jiv.mybluehost.me,#phishing,https://x.com/skocherhan/status/2089460918170366153
2026-08-17 21:14:37,skocherhan,url,http://ppy.dls.mybluehost.me,#phishing,https://x.com/skocherhan/status/2089460918170366153
2026-08-17 21:14:37,skocherhan,url,http://pjn.kjz.mybluehost.me,#phishing,https://x.com/skocherhan/status/2089460918170366153
2026-08-17 21:14:37,skocherhan,url,http://pet.opx.mybluehost.me,#phishing,https://x.com/skocherhan/status/2089460918170366153
2026-08-17 21:14:37,skocherhan,url,http://ozi.xtn.mybluehost.me,#phishing,https://x.com/skocherhan/status/2089460918170366153
2026-08-17 21:14:37,skocherhan,url,http://ofu.ker.mybluehost.me,#phishing,https://x.com/skocherhan/status/2089460918170366153
2026-08-17 21:14:37,skocherhan,url,http://jbi.aey.mybluehost.me,#phishing,https://x.com/skocherhan/status/2089460918170366153
2026-08-17 21:14:37,skocherhan,url,http://hok.okv.mybluehost.me,#phishing,https://x.com/skocherhan/status/2089460918170366153
2026-08-17 21:14:37,skocherhan,url,http://hly.oed.mybluehost.me,#phishing,https://x.com/skocherhan/status/2089460918170366153
2026-08-17 21:14:37,skocherhan,url,http://hgh.nyd.mybluehost.me,#phishing,https://x.com/skocherhan/status/2089460918170366153
2026-08-17 21:14:37,skocherhan,url,http://frs.jbq.mybluehost.me,#phishing,https://x.com/skocherhan/status/2089460918170366153
2026-08-17 21:14:37,skocherhan,url,http://fnp.tha.mybluehost.me,#phishing,https://x.com/skocherhan/status/2089460918170366153
2026-08-17 21:14:37,skocherhan,url,http://flb.obd.mybluehost.me,#phishing,https://x.com/skocherhan/status/2089460918170366153
2026-08-17 21:14:37,skocherhan,url,http://fcp.tiu.mybluehost.me,#phishing,https://x.com/skocherhan/status/2089460918170366153
2026-08-17 21:14:37,skocherhan,url,http://eeh.otw.mybluehost.me,#phishing,https://x.com/skocherhan/status/2089460918170366153
2026-08-17 21:14:37,skocherhan,url,http://edh.rgg.mybluehost.me,#phishing,https://x.com/skocherhan/status/2089460918170366153
2026-08-17 21:14:37,skocherhan,url,http://dlq.ojd.mybluehost.me,#phishing,https://x.com/skocherhan/status/2089460918170366153
2026-08-17 21:14:37,skocherhan,url,http://ddy.okv.mybluehost.me,#phishing,https://x.com/skocherhan/status/2089460918170366153
2026-08-17 21:14:37,skocherhan,url,http://cke.hlf.mybluehost.me,#phishing,https://x.com/skocherhan/status/2089460918170366153
2026-08-17 21:14:37,skocherhan,url,http://bfo.dls.mybluehost.me,#phishing,https://x.com/skocherhan/status/2089460918170366153
2026-08-17 21:14:37,skocherhan,url,http://alz.rgg.mybluehost.me,#phishing,https://x.com/skocherhan/status/2089460918170366153
2026-08-17 21:14:37,skocherhan,domain,hok.okv.mybluehost.me,#phishing,https://x.com/skocherhan/status/2089460918170366153
2026-08-17 21:14:37,skocherhan,domain,hly.oed.mybluehost.me,#phishing,https://x.com/skocherhan/status/2089460918170366153
2026-08-17 21:14:37,skocherhan,domain,hgh.nyd.mybluehost.me,#phishing,https://x.com/skocherhan/status/2089460918170366153
2026-08-17 21:14:37,skocherhan,domain,frs.jbq.mybluehost.me,#phishing,https://x.com/skocherhan/status/2089460918170366153
2026-08-17 21:14:37,skocherhan,domain,fnp.tha.mybluehost.me,#phishing,https://x.com/skocherhan/status/2089460918170366153
2026-08-17 21:14:37,skocherhan,domain,flb.obd.mybluehost.me,#phishing,https://x.com/skocherhan/status/2089460918170366153
2026-08-17 21:14:37,skocherhan,domain,fcp.tiu.mybluehost.me,#phishing,https://x.com/skocherhan/status/2089460918170366153
2026-08-17 21:14:37,skocherhan,domain,eeh.otw.mybluehost.me,#phishing,https://x.com/skocherhan/status/2089460918170366153
2026-08-17 21:14:37,skocherhan,domain,edh.rgg.mybluehost.me,#phishing,https://x.com/skocherhan/status/2089460918170366153
2026-08-17 21:14:37,skocherhan,domain,dlq.ojd.mybluehost.me,#phishing,https://x.com/skocherhan/status/2089460918170366153
2026-08-17 21:14:37,skocherhan,domain,ddy.okv.mybluehost.me,#phishing,https://x.com/skocherhan/status/2089460918170366153
2026-08-17 21:14:37,skocherhan,domain,cke.hlf.mybluehost.me,#phishing,https://x.com/skocherhan/status/2089460918170366153
2026-08-17 21:14:37,skocherhan,domain,bfo.dls.mybluehost.me,#phishing,https://x.com/skocherhan/status/2089460918170366153
2026-08-17 21:14:37,skocherhan,domain,alz.rgg.mybluehost.me,#phishing,https://x.com/skocherhan/status/2089460918170366153
