2026-08-21 12:23:16,TheM3gatr0n,domain,zexzehqwb.b17da333ec194ec4b767.d.requestbin.net,,https://x.com/TheM3gatr0n/status/2090776748212576720
2026-08-21 12:23:16,TheM3gatr0n,domain,yzvomdohdwqm.b17da333ec194ec4b767.d.requestbin.net,,https://x.com/TheM3gatr0n/status/2090776748212576720
2026-08-21 12:23:16,TheM3gatr0n,domain,ufzmtsfulfxk.b17da333ec194ec4b767.d.requestbin.net,,https://x.com/TheM3gatr0n/status/2090776748212576720
2026-08-21 12:23:16,TheM3gatr0n,domain,muewgjlydqln.b17da333ec194ec4b767.d.requestbin.net,,https://x.com/TheM3gatr0n/status/2090776748212576720
2026-08-21 12:23:16,TheM3gatr0n,url,http://uFZMTSfulfxk.b17da333ec194ec4b767.d.requestbin.net,,https://x.com/TheM3gatr0n/status/2090776748212576720
2026-08-21 12:23:16,TheM3gatr0n,url,http://ZExZehqWb.b17da333ec194ec4b767.d.requestbin.net,,https://x.com/TheM3gatr0n/status/2090776748212576720
2026-08-21 12:23:16,TheM3gatr0n,url,http://YzvOmdohdwqm.b17da333ec194ec4b767.d.requestbin.net,,https://x.com/TheM3gatr0n/status/2090776748212576720
2026-08-21 12:23:16,TheM3gatr0n,url,http://MuEWGjlYDQLn.b17da333ec194ec4b767.d.requestbin.net,,https://x.com/TheM3gatr0n/status/2090776748212576720
2026-08-21 12:23:16,TheM3gatr0n,url,http://DdMYuKzTQt.b17da333ec194ec4b767.d.requestbin.net,,https://x.com/TheM3gatr0n/status/2090776748212576720
2026-08-21 12:23:16,TheM3gatr0n,domain,ddmyukztqt.b17da333ec194ec4b767.d.requestbin.net,,https://x.com/TheM3gatr0n/status/2090776748212576720
