2026-09-17 16:25:02,copy_and_paster,url,http://github.com/yaosiyaosi26,#Kimsuky,https://x.com/copy_and_paster/status/2100622065279946777
2026-09-17 16:25:02,copy_and_paster,url,http://github.com/xufengwangsui,#Kimsuky,https://x.com/copy_and_paster/status/2100622065279946777
2026-09-17 16:25:02,copy_and_paster,url,http://github.com/hazama-khan,#Kimsuky,https://x.com/copy_and_paster/status/2100622065279946777
2026-09-17 16:25:02,copy_and_paster,url,http://github.com/decryptionkey1,#Kimsuky,https://x.com/copy_and_paster/status/2100622065279946777
2026-09-17 16:25:02,copy_and_paster,url,http://github.com/checkey04,#Kimsuky,https://x.com/copy_and_paster/status/2100622065279946777
2026-09-17 16:25:02,copy_and_paster,url,http://github.com/ReyanshEra,#Kimsuky,https://x.com/copy_and_paster/status/2100622065279946777
2026-09-14 15:35:29,copy_and_paster,url,http://github.com/chromeweb78,#Kimsuky,https://x.com/copy_and_paster/status/2099522430205399510
2026-09-09 12:49:16,suyog41,url,http://github.com/xwrex327-coder,,https://x.com/suyog41/status/2097668662450675730
2026-08-24 13:31:03,suyog41,url,https://github.com/up-6626,#stealer,https://x.com/suyog41/status/2091880972988105079
2026-08-24 13:31:03,suyog41,url,https://github.com/t1-317,#stealer,https://x.com/suyog41/status/2091880972988105079
2026-08-24 12:37:30,SinghSoodeep,url,http://github.com/cqasdgqa-code/,,https://x.com/SinghSoodeep/status/2091867494042538308
2026-08-21 05:14:09,skocherhan,url,http://github.com/srdhtfjkjghdfdsg,,https://x.com/skocherhan/status/2090668760491254237
2026-08-21 05:14:09,skocherhan,url,http://github.com/dthsdfhdgjfjdfg,,https://x.com/skocherhan/status/2090668760491254237
2026-08-21 05:14:09,skocherhan,url,http://github.com/bhjif9bahjksdagjuafhmisf,,https://x.com/skocherhan/status/2090668760491254237
2026-08-21 05:14:09,skocherhan,url,http://github.com/auxconbetancursas-svg,,https://x.com/skocherhan/status/2090668760491254237
2026-08-20 12:13:26,TheM3gatr0n,url,https://raw.githubusercontent.com/thompog/d/refs/heads/main/japper.zip,,https://x.com/TheM3gatr0n/status/2090411885925736919
2026-08-20 12:13:26,TheM3gatr0n,url,https://github.com/thompog/d/raw/refs/heads/main/japper.zip,,https://x.com/TheM3gatr0n/status/2090411885925736919
