2026-08-15 20:42:06,skocherhan,domain,trustwalletsrestore.com,,https://x.com/skocherhan/status/2088727959175614655
2026-08-15 20:42:06,skocherhan,domain,trustupgradewallet.com,,https://x.com/skocherhan/status/2088727959175614655
2026-08-15 20:42:06,skocherhan,domain,trustsupportt.com,,https://x.com/skocherhan/status/2088727959175614655
2026-08-15 20:42:06,skocherhan,domain,trustsewallet.com,,https://x.com/skocherhan/status/2088727959175614655
2026-08-15 20:42:06,skocherhan,domain,trusts-crypto.walletsreward.com,,https://x.com/skocherhan/status/2088727959175614655
2026-08-15 20:42:06,skocherhan,domain,trust.walletsreward.com,,https://x.com/skocherhan/status/2088727959175614655
2026-08-15 20:42:06,skocherhan,domain,trust.wallet-accountsecurity.com,,https://x.com/skocherhan/status/2088727959175614655
2026-08-15 20:42:06,skocherhan,domain,trust.wallet-accountrewards.com,,https://x.com/skocherhan/status/2088727959175614655
2026-08-15 20:42:06,skocherhan,domain,trust.wallet-accountnotice.com,,https://x.com/skocherhan/status/2088727959175614655
2026-08-15 20:42:06,skocherhan,domain,trust-wazirx.com,,https://x.com/skocherhan/status/2088727959175614655
2026-08-15 20:42:06,skocherhan,domain,trust-crypto.walletsreward.com,,https://x.com/skocherhan/status/2088727959175614655
2026-08-15 20:42:06,skocherhan,url,http://trustwalletsrestore.com,,https://x.com/skocherhan/status/2088727959175614655
2026-08-15 20:42:06,skocherhan,url,http://trustupgradewallet.com,,https://x.com/skocherhan/status/2088727959175614655
2026-08-15 20:42:06,skocherhan,url,http://trustsupportt.com,,https://x.com/skocherhan/status/2088727959175614655
2026-08-15 20:42:06,skocherhan,url,http://trustsewallet.com,,https://x.com/skocherhan/status/2088727959175614655
2026-08-15 20:42:06,skocherhan,url,http://trusts-crypto.walletsreward.com,,https://x.com/skocherhan/status/2088727959175614655
2026-08-15 20:42:06,skocherhan,url,http://trust.walletsreward.com,,https://x.com/skocherhan/status/2088727959175614655
2026-08-15 20:42:06,skocherhan,url,http://trust.wallet-accountsecurity.com,,https://x.com/skocherhan/status/2088727959175614655
2026-08-15 20:42:06,skocherhan,url,http://trust.wallet-accountrewards.com,,https://x.com/skocherhan/status/2088727959175614655
2026-08-15 20:42:06,skocherhan,url,http://trust.wallet-accountnotice.com,,https://x.com/skocherhan/status/2088727959175614655
2026-08-15 20:42:06,skocherhan,url,http://trust-wazirx.com,,https://x.com/skocherhan/status/2088727959175614655
2026-08-15 20:42:06,skocherhan,url,http://trust-crypto.walletsreward.com,,https://x.com/skocherhan/status/2088727959175614655
2026-08-15 20:42:06,skocherhan,url,http://claim.trustwalllet.com,,https://x.com/skocherhan/status/2088727959175614655
2026-08-15 20:42:06,skocherhan,url,http://claim-trusts.walletsreward.com,,https://x.com/skocherhan/status/2088727959175614655
2026-08-15 20:42:06,skocherhan,url,http://claim-trust.walletsreward.com,,https://x.com/skocherhan/status/2088727959175614655
2026-08-15 20:42:06,skocherhan,url,http://authenticate.trustyourcrypto.com,,https://x.com/skocherhan/status/2088727959175614655
2026-08-15 20:42:06,skocherhan,url,http://authenticate.trustyourcrypt.com,,https://x.com/skocherhan/status/2088727959175614655
2026-08-15 20:42:06,skocherhan,domain,claim.trustwalllet.com,,https://x.com/skocherhan/status/2088727959175614655
2026-08-15 20:42:06,skocherhan,domain,claim-trusts.walletsreward.com,,https://x.com/skocherhan/status/2088727959175614655
2026-08-15 20:42:06,skocherhan,domain,claim-trust.walletsreward.com,,https://x.com/skocherhan/status/2088727959175614655
2026-08-15 20:42:06,skocherhan,domain,authenticate.trustyourcrypto.com,,https://x.com/skocherhan/status/2088727959175614655
2026-08-15 20:42:06,skocherhan,domain,authenticate.trustyourcrypt.com,,https://x.com/skocherhan/status/2088727959175614655
