2026-08-19 07:01:08,phishunt_io,domain,ledger-live-login-conect-auth.typedream.app,#phishing,https://x.com/phishunt_io/status/2089970907645190365
2026-08-19 07:01:08,phishunt_io,url,http://ledger-live-login-conect-auth.typedream.app,#phishing,https://x.com/phishunt_io/status/2089970907645190365
2026-08-16 21:50:10,skocherhan,domain,welcome-begin-trezo-en.typedream.app,#cryptoscam #phishing,https://x.com/skocherhan/status/2089107474825527555
2026-08-16 21:50:10,skocherhan,domain,webpages-trzor-suite.typedream.app,#cryptoscam #phishing,https://x.com/skocherhan/status/2089107474825527555
2026-08-16 21:50:10,skocherhan,domain,web-us-en-ledger-live-wallet.typedream.app,#cryptoscam #phishing,https://x.com/skocherhan/status/2089107474825527555
2026-08-16 21:50:10,skocherhan,domain,web-trezor-io-start-app.typedream.app,#cryptoscam #phishing,https://x.com/skocherhan/status/2089107474825527555
2026-08-16 21:50:10,skocherhan,domain,web-start-trezor-io-web.typedream.app,#cryptoscam #phishing,https://x.com/skocherhan/status/2089107474825527555
2026-08-16 21:50:10,skocherhan,domain,us-io-tzore-io.typedream.app,#cryptoscam #phishing,https://x.com/skocherhan/status/2089107474825527555
2026-08-16 21:50:10,skocherhan,domain,us-conect-ledger-live-login.typedream.app,#cryptoscam #phishing,https://x.com/skocherhan/status/2089107474825527555
2026-08-16 21:50:10,skocherhan,domain,us--start-en-trazor-io-com-cdn--en.typedream.app,#cryptoscam #phishing,https://x.com/skocherhan/status/2089107474825527555
2026-08-16 21:50:10,skocherhan,domain,ttrezur-en-us.typedream.app,#cryptoscam #phishing,https://x.com/skocherhan/status/2089107474825527555
2026-08-16 21:50:10,skocherhan,domain,trezur-start-base-faqs-io.typedream.app,#cryptoscam #phishing,https://x.com/skocherhan/status/2089107474825527555
2026-08-16 21:50:10,skocherhan,domain,trezrsite-web-us.typedream.app,#cryptoscam #phishing,https://x.com/skocherhan/status/2089107474825527555
2026-08-16 21:50:10,skocherhan,domain,trezr-page-start.typedream.app,#cryptoscam #phishing,https://x.com/skocherhan/status/2089107474825527555
2026-08-16 21:50:10,skocherhan,domain,trezr-io-start-cloud-sso.typedream.app,#cryptoscam #phishing,https://x.com/skocherhan/status/2089107474825527555
2026-08-16 21:50:10,skocherhan,domain,trezor-suite-auth-web.typedream.app,#cryptoscam #phishing,https://x.com/skocherhan/status/2089107474825527555
2026-08-16 21:50:10,skocherhan,domain,trezor-login-us-auth-start.typedream.app,#cryptoscam #phishing,https://x.com/skocherhan/status/2089107474825527555
2026-08-16 21:50:10,skocherhan,domain,trezor-io-start-public-sso-web.typedream.app,#cryptoscam #phishing,https://x.com/skocherhan/status/2089107474825527555
2026-08-16 21:50:10,skocherhan,domain,trezor-io-start-access-us-web.typedream.app,#cryptoscam #phishing,https://x.com/skocherhan/status/2089107474825527555
2026-08-16 21:50:10,skocherhan,domain,trezor-app-bridge.typedream.app,#cryptoscam #phishing,https://x.com/skocherhan/status/2089107474825527555
2026-08-16 21:50:10,skocherhan,domain,support-uphold-auths-secure.typedream.app,#cryptoscam #phishing,https://x.com/skocherhan/status/2089107474825527555
2026-08-16 21:50:10,skocherhan,domain,support--legderlive-us--learn.typedream.app,#cryptoscam #phishing,https://x.com/skocherhan/status/2089107474825527555
2026-08-16 21:50:10,skocherhan,domain,suite-trezzor-com.typedream.app,#cryptoscam #phishing,https://x.com/skocherhan/status/2089107474825527555
2026-08-16 21:50:10,skocherhan,domain,suite--trezror.typedream.app,#cryptoscam #phishing,https://x.com/skocherhan/status/2089107474825527555
2026-08-16 21:50:10,skocherhan,domain,start-live--ledger-app.typedream.app,#cryptoscam #phishing,https://x.com/skocherhan/status/2089107474825527555
2026-08-16 21:50:10,skocherhan,domain,start-io-trezr-public-cdn.typedream.app,#cryptoscam #phishing,https://x.com/skocherhan/status/2089107474825527555
2026-08-16 21:50:10,skocherhan,domain,secure-trezor-get-web.typedream.app,#cryptoscam #phishing,https://x.com/skocherhan/status/2089107474825527555
2026-08-16 21:50:10,skocherhan,domain,secure-help-eng-ledger-live-login.typedream.app,#cryptoscam #phishing,https://x.com/skocherhan/status/2089107474825527555
2026-08-16 21:50:10,skocherhan,domain,secure-extensn-coin-wallet.typedream.app,#cryptoscam #phishing,https://x.com/skocherhan/status/2089107474825527555
2026-08-16 21:50:10,skocherhan,domain,secure-c-om-ledg-er-sta-rt.typedream.app,#cryptoscam #phishing,https://x.com/skocherhan/status/2089107474825527555
2026-08-16 21:50:10,skocherhan,domain,secure----bybit-login.typedream.app,#cryptoscam #phishing,https://x.com/skocherhan/status/2089107474825527555
2026-08-16 21:50:10,skocherhan,domain,publlic-trezor-suite.typedream.app,#cryptoscam #phishing,https://x.com/skocherhan/status/2089107474825527555
2026-08-16 21:50:10,skocherhan,domain,public-trzr-en-bridge.typedream.app,#cryptoscam #phishing,https://x.com/skocherhan/status/2089107474825527555
2026-08-16 21:50:10,skocherhan,domain,public-suite-app-trez.typedream.app,#cryptoscam #phishing,https://x.com/skocherhan/status/2089107474825527555
2026-08-16 21:50:10,skocherhan,domain,public-faq-start-helps_-trezr.typedream.app,#cryptoscam #phishing,https://x.com/skocherhan/status/2089107474825527555
2026-08-16 21:50:10,skocherhan,domain,portal-liv-e-ap-p-ledger.typedream.app,#cryptoscam #phishing,https://x.com/skocherhan/status/2089107474825527555
2026-08-16 21:50:10,skocherhan,domain,portal-io-start-docs.typedream.app,#cryptoscam #phishing,https://x.com/skocherhan/status/2089107474825527555
2026-08-16 21:50:10,skocherhan,domain,overview-en-treezor-ed.typedream.app,#cryptoscam #phishing,https://x.com/skocherhan/status/2089107474825527555
2026-08-16 21:50:10,skocherhan,domain,official-metamoskk.typedream.app,#cryptoscam #phishing,https://x.com/skocherhan/status/2089107474825527555
2026-08-16 21:50:10,skocherhan,domain,official-coinbus-help.typedream.app,#cryptoscam #phishing,https://x.com/skocherhan/status/2089107474825527555
2026-08-16 21:50:10,skocherhan,domain,ndax-login-access.typedream.app,#cryptoscam #phishing,https://x.com/skocherhan/status/2089107474825527555
2026-08-16 21:50:10,skocherhan,domain,live-led-ger-sso-auth.typedream.app,#cryptoscam #phishing,https://x.com/skocherhan/status/2089107474825527555
2026-08-16 21:50:10,skocherhan,domain,ledgr-walt-secure-td.typedream.app,#cryptoscam #phishing,https://x.com/skocherhan/status/2089107474825527555
2026-08-16 21:50:10,skocherhan,domain,ledglive-m-auth.typedream.app,#cryptoscam #phishing,https://x.com/skocherhan/status/2089107474825527555
2026-08-16 21:50:10,skocherhan,domain,ledger-login-web-conect-web-sso-in.typedream.app,#cryptoscam #phishing,https://x.com/skocherhan/status/2089107474825527555
2026-08-16 21:50:10,skocherhan,domain,ledger-login-start-ledger-web.typedream.app,#cryptoscam #phishing,https://x.com/skocherhan/status/2089107474825527555
2026-08-16 21:50:10,skocherhan,domain,ledger-login-ledger-us-en.typedream.app,#cryptoscam #phishing,https://x.com/skocherhan/status/2089107474825527555
2026-08-16 21:50:10,skocherhan,domain,ledger-login-conect-sso-us.typedream.app,#cryptoscam #phishing,https://x.com/skocherhan/status/2089107474825527555
2026-08-16 21:50:10,skocherhan,domain,ledger-live-wallet-start-conect-us-en.typedream.app,#cryptoscam #phishing,https://x.com/skocherhan/status/2089107474825527555
2026-08-16 21:50:10,skocherhan,domain,ledger-live-login-conect-auth.typedream.app,#cryptoscam #phishing,https://x.com/skocherhan/status/2089107474825527555
2026-08-16 21:50:10,skocherhan,domain,ledger-live-download-sso-conect.typedream.app,#cryptoscam #phishing,https://x.com/skocherhan/status/2089107474825527555
2026-08-16 21:50:10,skocherhan,domain,ledger-live-desktop-start-cloud.typedream.app,#cryptoscam #phishing,https://x.com/skocherhan/status/2089107474825527555
2026-08-16 21:50:10,skocherhan,domain,ledger-live-app-us-web.typedream.app,#cryptoscam #phishing,https://x.com/skocherhan/status/2089107474825527555
2026-08-16 21:50:10,skocherhan,domain,ledger-legjliewlt.typedream.app,#cryptoscam #phishing,https://x.com/skocherhan/status/2089107474825527555
2026-08-16 21:50:10,skocherhan,domain,ledger-eng-start.typedream.app,#cryptoscam #phishing,https://x.com/skocherhan/status/2089107474825527555
2026-08-16 21:50:10,skocherhan,domain,ledger-eng-begin.typedream.app,#cryptoscam #phishing,https://x.com/skocherhan/status/2089107474825527555
2026-08-16 21:50:10,skocherhan,domain,ledger-download-web-sso.typedream.app,#cryptoscam #phishing,https://x.com/skocherhan/status/2089107474825527555
2026-08-16 21:50:10,skocherhan,domain,ledger-com-start-start-us-app.typedream.app,#cryptoscam #phishing,https://x.com/skocherhan/status/2089107474825527555
2026-08-16 21:50:10,skocherhan,domain,learn-start-io-trezor-us.typedream.app,#cryptoscam #phishing,https://x.com/skocherhan/status/2089107474825527555
2026-08-16 21:50:10,skocherhan,domain,learn-bridge-trezeer.typedream.app,#cryptoscam #phishing,https://x.com/skocherhan/status/2089107474825527555
2026-08-16 21:50:10,skocherhan,domain,kucoine-learn-doce.typedream.app,#cryptoscam #phishing,https://x.com/skocherhan/status/2089107474825527555
2026-08-16 21:50:10,skocherhan,domain,keen-viper-0088.typedream.app,#cryptoscam #phishing,https://x.com/skocherhan/status/2089107474825527555
2026-08-16 21:50:10,skocherhan,domain,io-public-trzors-com.typedream.app,#cryptoscam #phishing,https://x.com/skocherhan/status/2089107474825527555
2026-08-16 21:50:10,skocherhan,domain,io-hardware-doc.typedream.app,#cryptoscam #phishing,https://x.com/skocherhan/status/2089107474825527555
2026-08-16 21:50:10,skocherhan,domain,info-suit-e-treze-er-doc.typedream.app,#cryptoscam #phishing,https://x.com/skocherhan/status/2089107474825527555
2026-08-16 21:50:10,skocherhan,url,http://welcome-begin-trezo-en.typedream.app,#cryptoscam #phishing,https://x.com/skocherhan/status/2089107474825527555
2026-08-16 21:50:10,skocherhan,url,http://webpages-trzor-suite.typedream.app,#cryptoscam #phishing,https://x.com/skocherhan/status/2089107474825527555
2026-08-16 21:50:10,skocherhan,url,http://web-us-en-ledger-live-wallet.typedream.app,#cryptoscam #phishing,https://x.com/skocherhan/status/2089107474825527555
2026-08-16 21:50:10,skocherhan,url,http://web-trezor-io-start-app.typedream.app,#cryptoscam #phishing,https://x.com/skocherhan/status/2089107474825527555
2026-08-16 21:50:10,skocherhan,url,http://web-start-trezor-io-web.typedream.app,#cryptoscam #phishing,https://x.com/skocherhan/status/2089107474825527555
2026-08-16 21:50:10,skocherhan,url,http://us-io-tzore-io.typedream.app,#cryptoscam #phishing,https://x.com/skocherhan/status/2089107474825527555
2026-08-16 21:50:10,skocherhan,url,http://us-conect-ledger-live-login.typedream.app,#cryptoscam #phishing,https://x.com/skocherhan/status/2089107474825527555
2026-08-16 21:50:10,skocherhan,url,http://us--start-en-trazor-io-com-cdn--en.typedream.app,#cryptoscam #phishing,https://x.com/skocherhan/status/2089107474825527555
2026-08-16 21:50:10,skocherhan,url,http://ttrezur-en-us.typedream.app,#cryptoscam #phishing,https://x.com/skocherhan/status/2089107474825527555
2026-08-16 21:50:10,skocherhan,url,http://trezur-start-base-faqs-io.typedream.app,#cryptoscam #phishing,https://x.com/skocherhan/status/2089107474825527555
2026-08-16 21:50:10,skocherhan,url,http://trezrsite-web-us.typedream.app,#cryptoscam #phishing,https://x.com/skocherhan/status/2089107474825527555
2026-08-16 21:50:10,skocherhan,url,http://trezr-page-start.typedream.app,#cryptoscam #phishing,https://x.com/skocherhan/status/2089107474825527555
2026-08-16 21:50:10,skocherhan,url,http://trezr-io-start-cloud-sso.typedream.app,#cryptoscam #phishing,https://x.com/skocherhan/status/2089107474825527555
2026-08-16 21:50:10,skocherhan,url,http://trezor-suite-auth-web.typedream.app,#cryptoscam #phishing,https://x.com/skocherhan/status/2089107474825527555
2026-08-16 21:50:10,skocherhan,url,http://trezor-login-us-auth-start.typedream.app,#cryptoscam #phishing,https://x.com/skocherhan/status/2089107474825527555
2026-08-16 21:50:10,skocherhan,url,http://trezor-io-start-public-sso-web.typedream.app,#cryptoscam #phishing,https://x.com/skocherhan/status/2089107474825527555
2026-08-16 21:50:10,skocherhan,url,http://trezor-io-start-access-us-web.typedream.app,#cryptoscam #phishing,https://x.com/skocherhan/status/2089107474825527555
2026-08-16 21:50:10,skocherhan,url,http://trezor-app-bridge.typedream.app,#cryptoscam #phishing,https://x.com/skocherhan/status/2089107474825527555
2026-08-16 21:50:10,skocherhan,url,http://support-uphold-auths-secure.typedream.app,#cryptoscam #phishing,https://x.com/skocherhan/status/2089107474825527555
2026-08-16 21:50:10,skocherhan,url,http://support--legderlive-us--learn.typedream.app,#cryptoscam #phishing,https://x.com/skocherhan/status/2089107474825527555
2026-08-16 21:50:10,skocherhan,url,http://suite-trezzor-com.typedream.app,#cryptoscam #phishing,https://x.com/skocherhan/status/2089107474825527555
2026-08-16 21:50:10,skocherhan,url,http://suite--trezror.typedream.app,#cryptoscam #phishing,https://x.com/skocherhan/status/2089107474825527555
2026-08-16 21:50:10,skocherhan,url,http://start-live--ledger-app.typedream.app,#cryptoscam #phishing,https://x.com/skocherhan/status/2089107474825527555
2026-08-16 21:50:10,skocherhan,url,http://start-io-trezr-public-cdn.typedream.app,#cryptoscam #phishing,https://x.com/skocherhan/status/2089107474825527555
2026-08-16 21:50:10,skocherhan,url,http://secure-trezor-get-web.typedream.app,#cryptoscam #phishing,https://x.com/skocherhan/status/2089107474825527555
2026-08-16 21:50:10,skocherhan,url,http://secure-help-eng-ledger-live-login.typedream.app,#cryptoscam #phishing,https://x.com/skocherhan/status/2089107474825527555
2026-08-16 21:50:10,skocherhan,url,http://secure-extensn-coin-wallet.typedream.app/en-us,#cryptoscam #phishing,https://x.com/skocherhan/status/2089107474825527555
2026-08-16 21:50:10,skocherhan,url,http://secure-c-om-ledg-er-sta-rt.typedream.app,#cryptoscam #phishing,https://x.com/skocherhan/status/2089107474825527555
2026-08-16 21:50:10,skocherhan,url,http://secure----bybit-login.typedream.app,#cryptoscam #phishing,https://x.com/skocherhan/status/2089107474825527555
2026-08-16 21:50:10,skocherhan,url,http://publlic-trezor-suite.typedream.app/en-us,#cryptoscam #phishing,https://x.com/skocherhan/status/2089107474825527555
2026-08-16 21:50:10,skocherhan,url,http://public-trzr-en-bridge.typedream.app,#cryptoscam #phishing,https://x.com/skocherhan/status/2089107474825527555
2026-08-16 21:50:10,skocherhan,url,http://public-suite-app-trez.typedream.app,#cryptoscam #phishing,https://x.com/skocherhan/status/2089107474825527555
2026-08-16 21:50:10,skocherhan,url,http://portal-liv-e-ap-p-ledger.typedream.app,#cryptoscam #phishing,https://x.com/skocherhan/status/2089107474825527555
2026-08-16 21:50:10,skocherhan,url,http://portal-io-start-docs.typedream.app,#cryptoscam #phishing,https://x.com/skocherhan/status/2089107474825527555
2026-08-16 21:50:10,skocherhan,url,http://overview-en-treezor-ed.typedream.app,#cryptoscam #phishing,https://x.com/skocherhan/status/2089107474825527555
2026-08-16 21:50:10,skocherhan,url,http://official-metamoskk.typedream.app,#cryptoscam #phishing,https://x.com/skocherhan/status/2089107474825527555
2026-08-16 21:50:10,skocherhan,url,http://official-coinbus-help.typedream.app,#cryptoscam #phishing,https://x.com/skocherhan/status/2089107474825527555
2026-08-16 21:50:10,skocherhan,url,http://ndax-login-access.typedream.app,#cryptoscam #phishing,https://x.com/skocherhan/status/2089107474825527555
2026-08-16 21:50:10,skocherhan,url,http://live-led-ger-sso-auth.typedream.app,#cryptoscam #phishing,https://x.com/skocherhan/status/2089107474825527555
2026-08-16 21:50:10,skocherhan,url,http://ledgr-walt-secure-td.typedream.app,#cryptoscam #phishing,https://x.com/skocherhan/status/2089107474825527555
2026-08-16 21:50:10,skocherhan,url,http://ledglive-m-auth.typedream.app,#cryptoscam #phishing,https://x.com/skocherhan/status/2089107474825527555
2026-08-16 21:50:10,skocherhan,url,http://ledger-login-web-conect-web-sso-in.typedream.app,#cryptoscam #phishing,https://x.com/skocherhan/status/2089107474825527555
2026-08-16 21:50:10,skocherhan,url,http://ledger-login-start-ledger-web.typedream.app,#cryptoscam #phishing,https://x.com/skocherhan/status/2089107474825527555
2026-08-16 21:50:10,skocherhan,url,http://ledger-login-ledger-us-en.typedream.app,#cryptoscam #phishing,https://x.com/skocherhan/status/2089107474825527555
2026-08-16 21:50:10,skocherhan,url,http://ledger-login-conect-sso-us.typedream.app,#cryptoscam #phishing,https://x.com/skocherhan/status/2089107474825527555
2026-08-16 21:50:10,skocherhan,url,http://ledger-live-wallet-start-conect-us-en.typedream.app,#cryptoscam #phishing,https://x.com/skocherhan/status/2089107474825527555
2026-08-16 21:50:10,skocherhan,url,http://ledger-live-login-conect-auth.typedream.app,#cryptoscam #phishing,https://x.com/skocherhan/status/2089107474825527555
2026-08-16 21:50:10,skocherhan,url,http://ledger-live-download-sso-conect.typedream.app,#cryptoscam #phishing,https://x.com/skocherhan/status/2089107474825527555
2026-08-16 21:50:10,skocherhan,url,http://ledger-live-desktop-start-cloud.typedream.app,#cryptoscam #phishing,https://x.com/skocherhan/status/2089107474825527555
2026-08-16 21:50:10,skocherhan,url,http://ledger-live-app-us-web.typedream.app,#cryptoscam #phishing,https://x.com/skocherhan/status/2089107474825527555
2026-08-16 21:50:10,skocherhan,url,http://ledger-legjliewlt.typedream.app,#cryptoscam #phishing,https://x.com/skocherhan/status/2089107474825527555
2026-08-16 21:50:10,skocherhan,url,http://ledger-eng-start.typedream.app,#cryptoscam #phishing,https://x.com/skocherhan/status/2089107474825527555
2026-08-16 21:50:10,skocherhan,url,http://ledger-eng-begin.typedream.app,#cryptoscam #phishing,https://x.com/skocherhan/status/2089107474825527555
2026-08-16 21:50:10,skocherhan,url,http://ledger-download-web-sso.typedream.app,#cryptoscam #phishing,https://x.com/skocherhan/status/2089107474825527555
2026-08-16 21:50:10,skocherhan,url,http://ledger-com-start-start-us-app.typedream.app,#cryptoscam #phishing,https://x.com/skocherhan/status/2089107474825527555
2026-08-16 21:50:10,skocherhan,url,http://learn-start-io-trezor-us.typedream.app,#cryptoscam #phishing,https://x.com/skocherhan/status/2089107474825527555
2026-08-16 21:50:10,skocherhan,url,http://learn-bridge-trezeer.typedream.app,#cryptoscam #phishing,https://x.com/skocherhan/status/2089107474825527555
2026-08-16 21:50:10,skocherhan,url,http://kucoine-learn-doce.typedream.app,#cryptoscam #phishing,https://x.com/skocherhan/status/2089107474825527555
2026-08-16 21:50:10,skocherhan,url,http://keen-viper-0088.typedream.app/untitled-96e9,#cryptoscam #phishing,https://x.com/skocherhan/status/2089107474825527555
2026-08-16 21:50:10,skocherhan,url,http://io-public-trzors-com.typedream.app,#cryptoscam #phishing,https://x.com/skocherhan/status/2089107474825527555
2026-08-16 21:50:10,skocherhan,url,http://io-hardware-doc.typedream.app,#cryptoscam #phishing,https://x.com/skocherhan/status/2089107474825527555
2026-08-16 21:50:10,skocherhan,url,http://info-suit-e-treze-er-doc.typedream.app,#cryptoscam #phishing,https://x.com/skocherhan/status/2089107474825527555
2026-08-16 21:50:10,skocherhan,url,http://help-us-public-trezzr-io-sso.typedream.app,#cryptoscam #phishing,https://x.com/skocherhan/status/2089107474825527555
2026-08-16 21:50:10,skocherhan,url,http://help-us-public-trezzr-io-com-cdn.typedream.app,#cryptoscam #phishing,https://x.com/skocherhan/status/2089107474825527555
2026-08-16 21:50:10,skocherhan,url,http://help-trezorr-io-start--sso-docs.typedream.app,#cryptoscam #phishing,https://x.com/skocherhan/status/2089107474825527555
2026-08-16 21:50:10,skocherhan,url,http://help-ledger-eng-start.typedream.app,#cryptoscam #phishing,https://x.com/skocherhan/status/2089107474825527555
2026-08-16 21:50:10,skocherhan,url,http://help-io-start-treezer.typedream.app,#cryptoscam #phishing,https://x.com/skocherhan/status/2089107474825527555
2026-08-16 21:50:10,skocherhan,url,http://help-en-ledger.typedream.app,#cryptoscam #phishing,https://x.com/skocherhan/status/2089107474825527555
2026-08-16 21:50:10,skocherhan,url,http://help-bridge-desk.typedream.app,#cryptoscam #phishing,https://x.com/skocherhan/status/2089107474825527555
2026-08-16 21:50:10,skocherhan,url,http://help-base-start-sso.typedream.app,#cryptoscam #phishing,https://x.com/skocherhan/status/2089107474825527555
2026-08-16 21:50:10,skocherhan,url,http://hardware-trezr-faq-wallets.typedream.app,#cryptoscam #phishing,https://x.com/skocherhan/status/2089107474825527555
2026-08-16 21:50:10,skocherhan,url,http://faqs-trezcom-web-doc.typedream.app,#cryptoscam #phishing,https://x.com/skocherhan/status/2089107474825527555
2026-08-16 21:50:10,skocherhan,url,http://faq-trzro-io-pro.typedream.app,#cryptoscam #phishing,https://x.com/skocherhan/status/2089107474825527555
2026-08-16 21:50:10,skocherhan,url,http://faq-trezursuite-auth.typedream.app,#cryptoscam #phishing,https://x.com/skocherhan/status/2089107474825527555
2026-08-16 21:50:10,skocherhan,url,http://faq-tr-z-r-su-ite-us.typedream.app,#cryptoscam #phishing,https://x.com/skocherhan/status/2089107474825527555
2026-08-16 21:50:10,skocherhan,url,http://faq-public-trezro-us.typedream.app,#cryptoscam #phishing,https://x.com/skocherhan/status/2089107474825527555
2026-08-16 21:50:10,skocherhan,url,http://faq-bridge-en-us.typedream.app,#cryptoscam #phishing,https://x.com/skocherhan/status/2089107474825527555
2026-08-16 21:50:10,skocherhan,url,http://faq-app-trzor-suite.typedream.app,#cryptoscam #phishing,https://x.com/skocherhan/status/2089107474825527555
2026-08-16 21:50:10,skocherhan,url,http://en-treezer-logins-cdns.typedream.app,#cryptoscam #phishing,https://x.com/skocherhan/status/2089107474825527555
2026-08-16 21:50:10,skocherhan,url,http://en-treezer-cdn-sso.typedream.app,#cryptoscam #phishing,https://x.com/skocherhan/status/2089107474825527555
2026-08-16 21:50:10,skocherhan,url,http://en-t-r-e-z-r-io-login.typedream.app,#cryptoscam #phishing,https://x.com/skocherhan/status/2089107474825527555
2026-08-16 21:50:10,skocherhan,url,http://en-io-start-help.typedream.app,#cryptoscam #phishing,https://x.com/skocherhan/status/2089107474825527555
2026-08-16 21:50:10,skocherhan,url,http://docs-trezr-begin-help.typedream.app,#cryptoscam #phishing,https://x.com/skocherhan/status/2089107474825527555
2026-08-16 21:50:10,skocherhan,url,http://docs-base-bridge-faq.typedream.app,#cryptoscam #phishing,https://x.com/skocherhan/status/2089107474825527555
2026-08-16 21:50:10,skocherhan,url,http://docs--login--ledger-live-desktop-io.typedream.app,#cryptoscam #phishing,https://x.com/skocherhan/status/2089107474825527555
2026-08-16 21:50:10,skocherhan,url,http://desktop-ledgercom-live.typedream.app,#cryptoscam #phishing,https://x.com/skocherhan/status/2089107474825527555
2026-08-16 21:50:10,skocherhan,url,http://connect-ledgercom-help.typedream.app,#cryptoscam #phishing,https://x.com/skocherhan/status/2089107474825527555
2026-08-16 21:50:10,skocherhan,url,http://co-web-ledger-live-login.typedream.app,#cryptoscam #phishing,https://x.com/skocherhan/status/2089107474825527555
2026-08-16 21:50:10,skocherhan,url,http://cloud-warppe-d-ether-walle-t.typedream.app,#cryptoscam #phishing,https://x.com/skocherhan/status/2089107474825527555
2026-08-16 21:50:10,skocherhan,url,http://bybit-login-app.typedream.app,#cryptoscam #phishing,https://x.com/skocherhan/status/2089107474825527555
2026-08-16 21:50:10,skocherhan,url,http://bright-secure-blokf-com-authd.typedream.app,#cryptoscam #phishing,https://x.com/skocherhan/status/2089107474825527555
2026-08-16 21:50:10,skocherhan,url,http://begin-trezr-start-io.typedream.app,#cryptoscam #phishing,https://x.com/skocherhan/status/2089107474825527555
2026-08-16 21:50:10,skocherhan,url,http://begin-new-trezrio-strt.typedream.app,#cryptoscam #phishing,https://x.com/skocherhan/status/2089107474825527555
2026-08-16 21:50:10,skocherhan,url,http://begin-ledger-support.typedream.app,#cryptoscam #phishing,https://x.com/skocherhan/status/2089107474825527555
2026-08-16 21:50:10,skocherhan,url,http://begin-hardware-trezo.typedream.app,#cryptoscam #phishing,https://x.com/skocherhan/status/2089107474825527555
2026-08-16 21:50:10,skocherhan,url,http://begin-faq-trezer-suite-page.typedream.app,#cryptoscam #phishing,https://x.com/skocherhan/status/2089107474825527555
2026-08-16 21:50:10,skocherhan,url,http://app-live-ledger-wllet.typedream.app,#cryptoscam #phishing,https://x.com/skocherhan/status/2089107474825527555
2026-08-16 21:50:10,skocherhan,url,http://app----en-bybit-sso.typedream.app,#cryptoscam #phishing,https://x.com/skocherhan/status/2089107474825527555
2026-08-16 21:50:10,skocherhan,url,http://access-divace-bridge.typedream.app,#cryptoscam #phishing,https://x.com/skocherhan/status/2089107474825527555
2026-08-16 21:50:10,skocherhan,domain,help-us-public-trezzr-io-sso.typedream.app,#cryptoscam #phishing,https://x.com/skocherhan/status/2089107474825527555
2026-08-16 21:50:10,skocherhan,domain,help-us-public-trezzr-io-com-cdn.typedream.app,#cryptoscam #phishing,https://x.com/skocherhan/status/2089107474825527555
2026-08-16 21:50:10,skocherhan,domain,help-trezorr-io-start--sso-docs.typedream.app,#cryptoscam #phishing,https://x.com/skocherhan/status/2089107474825527555
2026-08-16 21:50:10,skocherhan,domain,help-ledger-eng-start.typedream.app,#cryptoscam #phishing,https://x.com/skocherhan/status/2089107474825527555
2026-08-16 21:50:10,skocherhan,domain,help-io-start-treezer.typedream.app,#cryptoscam #phishing,https://x.com/skocherhan/status/2089107474825527555
2026-08-16 21:50:10,skocherhan,domain,help-en-ledger.typedream.app,#cryptoscam #phishing,https://x.com/skocherhan/status/2089107474825527555
2026-08-16 21:50:10,skocherhan,domain,help-bridge-desk.typedream.app,#cryptoscam #phishing,https://x.com/skocherhan/status/2089107474825527555
2026-08-16 21:50:10,skocherhan,domain,help-base-start-sso.typedream.app,#cryptoscam #phishing,https://x.com/skocherhan/status/2089107474825527555
2026-08-16 21:50:10,skocherhan,domain,hardware-trezr-faq-wallets.typedream.app,#cryptoscam #phishing,https://x.com/skocherhan/status/2089107474825527555
2026-08-16 21:50:10,skocherhan,domain,faqs-trezcom-web-doc.typedream.app,#cryptoscam #phishing,https://x.com/skocherhan/status/2089107474825527555
2026-08-16 21:50:10,skocherhan,domain,faq-trzro-io-pro.typedream.app,#cryptoscam #phishing,https://x.com/skocherhan/status/2089107474825527555
2026-08-16 21:50:10,skocherhan,domain,faq-trezursuite-auth.typedream.app,#cryptoscam #phishing,https://x.com/skocherhan/status/2089107474825527555
2026-08-16 21:50:10,skocherhan,domain,faq-tr-z-r-su-ite-us.typedream.app,#cryptoscam #phishing,https://x.com/skocherhan/status/2089107474825527555
2026-08-16 21:50:10,skocherhan,domain,faq-public-trezro-us.typedream.app,#cryptoscam #phishing,https://x.com/skocherhan/status/2089107474825527555
2026-08-16 21:50:10,skocherhan,domain,faq-bridge-en-us.typedream.app,#cryptoscam #phishing,https://x.com/skocherhan/status/2089107474825527555
2026-08-16 21:50:10,skocherhan,domain,faq-app-trzor-suite.typedream.app,#cryptoscam #phishing,https://x.com/skocherhan/status/2089107474825527555
2026-08-16 21:50:10,skocherhan,domain,en-treezer-logins-cdns.typedream.app,#cryptoscam #phishing,https://x.com/skocherhan/status/2089107474825527555
2026-08-16 21:50:10,skocherhan,domain,en-treezer-cdn-sso.typedream.app,#cryptoscam #phishing,https://x.com/skocherhan/status/2089107474825527555
2026-08-16 21:50:10,skocherhan,domain,en-t-r-e-z-r-io-login.typedream.app,#cryptoscam #phishing,https://x.com/skocherhan/status/2089107474825527555
2026-08-16 21:50:10,skocherhan,domain,en-io-start-help.typedream.app,#cryptoscam #phishing,https://x.com/skocherhan/status/2089107474825527555
2026-08-16 21:50:10,skocherhan,domain,docs-trezr-begin-help.typedream.app,#cryptoscam #phishing,https://x.com/skocherhan/status/2089107474825527555
2026-08-16 21:50:10,skocherhan,domain,docs-base-bridge-faq.typedream.app,#cryptoscam #phishing,https://x.com/skocherhan/status/2089107474825527555
2026-08-16 21:50:10,skocherhan,domain,docs--login--ledger-live-desktop-io.typedream.app,#cryptoscam #phishing,https://x.com/skocherhan/status/2089107474825527555
2026-08-16 21:50:10,skocherhan,domain,desktop-ledgercom-live.typedream.app,#cryptoscam #phishing,https://x.com/skocherhan/status/2089107474825527555
2026-08-16 21:50:10,skocherhan,domain,connect-ledgercom-help.typedream.app,#cryptoscam #phishing,https://x.com/skocherhan/status/2089107474825527555
2026-08-16 21:50:10,skocherhan,domain,co-web-ledger-live-login.typedream.app,#cryptoscam #phishing,https://x.com/skocherhan/status/2089107474825527555
2026-08-16 21:50:10,skocherhan,domain,cloud-warppe-d-ether-walle-t.typedream.app,#cryptoscam #phishing,https://x.com/skocherhan/status/2089107474825527555
2026-08-16 21:50:10,skocherhan,domain,bybit-login-app.typedream.app,#cryptoscam #phishing,https://x.com/skocherhan/status/2089107474825527555
2026-08-16 21:50:10,skocherhan,domain,bright-secure-blokf-com-authd.typedream.app,#cryptoscam #phishing,https://x.com/skocherhan/status/2089107474825527555
2026-08-16 21:50:10,skocherhan,domain,begin-trezr-start-io.typedream.app,#cryptoscam #phishing,https://x.com/skocherhan/status/2089107474825527555
2026-08-16 21:50:10,skocherhan,domain,begin-new-trezrio-strt.typedream.app,#cryptoscam #phishing,https://x.com/skocherhan/status/2089107474825527555
2026-08-16 21:50:10,skocherhan,domain,begin-ledger-support.typedream.app,#cryptoscam #phishing,https://x.com/skocherhan/status/2089107474825527555
2026-08-16 21:50:10,skocherhan,domain,begin-hardware-trezo.typedream.app,#cryptoscam #phishing,https://x.com/skocherhan/status/2089107474825527555
2026-08-16 21:50:10,skocherhan,domain,begin-faq-trezer-suite-page.typedream.app,#cryptoscam #phishing,https://x.com/skocherhan/status/2089107474825527555
2026-08-16 21:50:10,skocherhan,domain,app-live-ledger-wllet.typedream.app,#cryptoscam #phishing,https://x.com/skocherhan/status/2089107474825527555
2026-08-16 21:50:10,skocherhan,domain,app----en-bybit-sso.typedream.app,#cryptoscam #phishing,https://x.com/skocherhan/status/2089107474825527555
2026-08-16 21:50:10,skocherhan,domain,access-divace-bridge.typedream.app,#cryptoscam #phishing,https://x.com/skocherhan/status/2089107474825527555
