2026-09-14 02:02:14,masaomi346,domain,secret-lovei.com,#malware #phishing,https://x.com/masaomi346/status/2099317771578527919
2026-09-14 02:02:14,masaomi346,url,https://secret-lovei.com,#malware #phishing,https://x.com/masaomi346/status/2099317771578527919
2026-09-12 16:02:43,masaomi346,domain,secret-loves.com,#malware #phishing,https://x.com/masaomi346/status/2098804510319943754
2026-09-12 16:02:43,masaomi346,url,https://secret-loves.com,#malware #phishing,https://x.com/masaomi346/status/2098804510319943754
2026-09-12 15:50:01,masaomi346,url,https://datinglive-jp.com,#malware #phishing,https://x.com/masaomi346/status/2098801311575933428
2026-09-12 15:50:01,masaomi346,url,https://app.datinglive-jp.com,#malware #phishing,https://x.com/masaomi346/status/2098801311575933428
2026-09-12 15:50:01,masaomi346,domain,datinglive-jp.com,#malware #phishing,https://x.com/masaomi346/status/2098801311575933428
2026-09-12 15:50:01,masaomi346,domain,app.datinglive-jp.com,#malware #phishing,https://x.com/masaomi346/status/2098801311575933428
2026-09-11 00:39:38,masaomi346,domain,secretliveo-jp.com,#malware #phishing,https://x.com/masaomi346/status/2098209820293927261
2026-09-11 00:39:38,masaomi346,domain,secretlivei-jp.com,#malware #phishing,https://x.com/masaomi346/status/2098209820293927261
2026-09-11 00:39:38,masaomi346,domain,secretlive-jp.com,#malware #phishing,https://x.com/masaomi346/status/2098209820293927261
2026-09-11 00:39:38,masaomi346,url,https://secretliveo-jp.com,#malware #phishing,https://x.com/masaomi346/status/2098209820293927261
2026-09-11 00:39:38,masaomi346,url,https://secretlivei-jp.com,#malware #phishing,https://x.com/masaomi346/status/2098209820293927261
2026-09-11 00:39:38,masaomi346,url,https://secretlive-jp.com,#malware #phishing,https://x.com/masaomi346/status/2098209820293927261
